﻿mmmarka;szin;kod;id
audi;sarga;qa567b;
bmw;fekete;qb525b;
bmw;fekete;qb555c;
ford;piros;qf182b;
bmw;fekete;qb567b;
audi;feher;qa567b;
porsche;piros;qp911a;
fiat;kek;qfgg23;
ford;fekete;qf182c;
fiat;piros;qfgg23;
vw;zold;qv851b;
audi;szurke;qa567b;
audi;feher;qa567b;
porsche;piros;qp921a;
fiat;zold;qfgq33;
volvo;vilagoskek;qvs60f;
citroen;bordo;qr19rb;
porsche;flipflop;qp911a;
peugeot;feher;qpr118;
audi;arany;qa567b;
renault;turkiz;qr19rr;
volvo;vilagoskek;qvs60f;
vw;kek;qv851b;
vw;sarga;qv851b;
audi;zold;qa567b;
bmw;fekete;qb556b;
fiat;szurke;qfgg23;
fiat;feher;qfgg23;
porsche;feher;qp911a;
