﻿mmmarka;szin;kod;id
ford;piros;qf182a;1
ford;piros;qf182b;2
vw;piros;qv851b;3
vw;kek;qv851b;4
fiat;feher;qfgg12;5
fiat;zold;qfgg12;6
audi;sarga;qa567b;7
bmw;fekete;qb555b;8
bmw;fekete;qb555c;9
ford;piros;qf182b;10
bmw;fekete;qb567b;11
audi;feher;qa567b;12
porsche;piros;qp911a;13
fiat;kek;qfgg23;14
ford;piros;qf182c;15
fiat;feher;qfgg23;16
vw;kek;qv851b;17
audi;feher;qa567b;18
bmw;fekete;qb556b;19
porsche;piros;qp911a;20
peugeot;szurke;qpe113;21
peugeot;szurke;qpe113;22
porsche;piros;qp911a;23
mercedes;feher;qm221b;24
mercedes;feher;qm221b;25
audi;fekete;qa567b;26
citroen;bordo;qr19rb;27
audi;szurke;qa567b;28
porsche;piros;qp911a;29
peugeot;szurke;qpe118;30
audi;feher;qa567b;31
renault;arany;qr19rr;32
nissan;zold;qn117s;33
mitsubishi;rozsakvarc;qm235a;34
porsche;sarga;qp911a;35
porsche;sarga;qp911b;36
ford;piros;qf182b;37
peugeot;feher;qpe118;38
vw;kek;qv851b;39
peugeot;feher;qpe118;40
audi;barna;qa567c;41
ferrari;sarga;qf3551;42
vw;kek;qv851b;43
mercedes;feher;qm221a;44
ford;piros;qf182b;45
audi;barna;qa567c;46
mitsubishi;rozsakvarc;qm235a;47
citroen;bordo;qr19rb;48
volvo;vilagoskek;qvs60f;49
volvo;vilagoskek;qvs60f;50
